"ball_position_x","ball_position_y"
-1.23160758457792,310.338397889611
110.55414597973,232.545907094595
-110.175481521978,225.853197252747
